<?xml version="1.0" encoding="UTF-8"?>
<project-private xmlns="http://www.netbeans.org/ns/project-private/1">
    <editor-bookmarks xmlns="http://www.netbeans.org/ns/editor-bookmarks/2" lastBookmarkId="0"/>
    <open-files xmlns="http://www.netbeans.org/ns/projectui-open-files/2">
        <group>
            <file>file:/Users/meganmurphy/Documents/INFOTC%203330/A4/src/a4/DnDCharacter.java</file>
            <file>file:/Users/meganmurphy/Documents/INFOTC%203330/A4/src/a4/Roller.java</file>
            <file>file:/Users/meganmurphy/Documents/INFOTC%203330/A4/src/a4/Generator.java</file>
            <file>file:/Users/meganmurphy/Documents/INFOTC%203330/A4/src/a4/Dice.java</file>
            <file>file:/Users/meganmurphy/Documents/INFOTC%203330/A4/src/a4/A4.java</file>
            <file>file:/Users/meganmurphy/Documents/INFOTC%203330/A4/src/a4/RandomGenerator.java</file>
            <file>file:/Users/meganmurphy/Documents/INFOTC%203330/A4/src/a4/DefinedGenerator.java</file>
            <file>file:/Users/meganmurphy/Documents/INFOTC%203330/A4/src/a4/ScoreRoller.java</file>
            <file>file:/Users/meganmurphy/Documents/INFOTC%203330/A4/src/a4/PickBest3of4ScoreRoller.java</file>
        </group>
    </open-files>
</project-private>
