<?xml version="1.0" encoding="UTF-8"?>
<project-private xmlns="http://www.netbeans.org/ns/project-private/1">
    <editor-bookmarks xmlns="http://www.netbeans.org/ns/editor-bookmarks/2" lastBookmarkId="0"/>
    <open-files xmlns="http://www.netbeans.org/ns/projectui-open-files/2">
        <group>
            <file>file:/Users/meganmurphy/Documents/INFOTC%203330/A5/src/a5/CoolArray.java</file>
            <file>file:/Users/meganmurphy/Documents/INFOTC%203330/A5/src/a5/A5.java</file>
            <file>file:/Users/meganmurphy/Documents/INFOTC%203330/A5/src/a5/PersonDuplicateKeyException.java</file>
            <file>file:/Users/meganmurphy/Documents/INFOTC%203330/A5/src/a5/ICoolArray.java</file>
            <file>file:/Users/meganmurphy/Documents/INFOTC%203330/A5/src/a5/Person.java</file>
        </group>
    </open-files>
</project-private>
